,Job Name,Company,Salary,Rating,New Job,Apply Here
0,Front-End Developer II,2NDNATURE Software INC.,"$90,000 - $115,000 a year",N/A,No,https://www.indeed.com/company/2nd-Nature-LLC/jobs/Front-End-Developer-b72a48979e629ccb?fccid=ed07b4f87a9c0ecf&vjs=3
1,Software Engineer,One Wheel,Not Disclosed,N/A,No,https://www.indeed.com/rc/clk?jk=899b2449593b8bb1&fccid=78298523a1f5c97e&vjs=3
2,People Scientist,Netflix,Not Disclosed,3.9,No,https://www.indeed.com/rc/clk?jk=492a15a0f5c4d896&fccid=66403b30a2c0d89c&vjs=3
3,Software Engineer I,Badger Meter,Not Disclosed,3.4,No,https://www.indeed.com/rc/clk?jk=51ad22dd2235be20&fccid=53258efdb7d26be9&vjs=3
4,Ocean Data Specialist (Edwards),University of California Santa Cruz,Not Disclosed,4.3,No,https://www.indeed.com/rc/clk?jk=200f2856161fae2d&fccid=a19f34e542f56d99&vjs=3
5,WordPress/Full-Stack developer,Cloud Brigade,"$70,000 - $100,000 a year",N/A,No,https://www.indeed.com/rc/clk?jk=e8a509f5f72d552d&fccid=f0841516b8344b36&vjs=3
6,QA Engineer,Procurant,Not Disclosed,N/A,No,https://www.indeed.com/rc/clk?jk=d5f925d25d8d5a04&fccid=8d1ec625b85862b4&vjs=3
7,Python Developer,Anlage,$40 - $50 an hour,N/A,No,https://www.indeed.com/company/Anlage/jobs/Python-Developer-6adf8bc08b83b0fb?fccid=db08a93824358b89&vjs=3
8,Lab Operations Technician,"21Tech, LLC",Not Disclosed,N/A,No,https://www.indeed.com/company/Talenr-Table/jobs/Lab-Operation-Technician-5046da0bd9d7be56?fccid=b51fb5fc85018e36&vjs=3
9,Python Engineer at Education Startup,Recruiting From Scratch,"$100,000 - $130,000 a year",N/A,No,https://www.indeed.com/rc/clk?jk=763e1768d85df4e7&fccid=09e02654c2f26bbd&vjs=3
10,Robotics QA Engineer,Neatleaf,Not Disclosed,N/A,No,https://www.indeed.com/rc/clk?jk=720d570c63da369e&fccid=dedbd2c490df7b04&vjs=3
11,Python Developer,Sofmen,Not Disclosed,N/A,No,https://www.indeed.com/rc/clk?jk=0b4f734af7890726&fccid=ac77e7cab23d4b1f&vjs=3
12,Software Quality Assurance Engineer II,Zero Motorcycles,Not Disclosed,3.6,No,https://www.indeed.com/rc/clk?jk=693dcf5412111d39&fccid=59b11ea321344b93&vjs=3
13,"Senior Software Engineer, Python",Recruiting From Scratch,"$120,000 - $130,000 a year",N/A,Yes,https://www.indeed.com/rc/clk?jk=889b9c0fb7326bc7&fccid=09e02654c2f26bbd&vjs=3
14,Data Engineer (E5),Netflix,Not Disclosed,3.9,No,https://www.indeed.com/rc/clk?jk=8d89ffaee63c6b69&fccid=66403b30a2c0d89c&vjs=3
15,"Senior Software Engineer, Python",Recruiting From Scratch,"$120,000 - $130,000 a year",N/A,Yes,https://www.indeed.com/rc/clk?jk=889b9c0fb7326bc7&fccid=09e02654c2f26bbd&vjs=3
16,Programmer Analyst I/II,"City of Santa Cruz, CA","$71,016 - $107,376 a year",N/A,No,"https://www.indeed.com/company/City-of-Santa-Cruz,-CA/jobs/Programmer-Analyst-2afe2c9d83a59c19?fccid=7cd11ca824ac4050&vjs=3"
17,IT Security Analyst,University of California Santa Cruz,"$75,000 - $90,000 a year",4.3,No,https://www.indeed.com/rc/clk?jk=e924e6ebe1b7723c&fccid=a19f34e542f56d99&vjs=3
18,Performance Lead/DER,Joby Aviation,Not Disclosed,3.3,No,https://www.indeed.com/rc/clk?jk=0b71e4092c7e2a8f&fccid=4922aa0d050a55de&vjs=3
19,Lead Technical Artist (Series A Gaming Startup),Recruiting From Scratch,"$150,000 - $200,000 a year",N/A,Yes,https://www.indeed.com/rc/clk?jk=025e5fe56896b817&fccid=09e02654c2f26bbd&vjs=3
20,Head of Engineering at Gaming Startup (Anime Themed),Recruiting From Scratch,"$200,000 - $250,000 a year",N/A,Yes,https://www.indeed.com/rc/clk?jk=7dad72f9c41a01bc&fccid=09e02654c2f26bbd&vjs=3
21,Documentation Engineer,Joby Aviation,Not Disclosed,3.3,No,https://www.indeed.com/rc/clk?jk=3fa83bc21bd4f907&fccid=4922aa0d050a55de&vjs=3
22,BELS Teaching Lab Junior Engineer,University of California Santa Cruz,$31.35 - $36.30 an hour,4.3,No,https://www.indeed.com/rc/clk?jk=419e307de3da37b8&fccid=a19f34e542f56d99&vjs=3
23,Telemetry Front End/Full Stack Developer,Joby Aviation,Not Disclosed,3.3,No,https://www.indeed.com/rc/clk?jk=66b3b77b6591abbe&fccid=4922aa0d050a55de&vjs=3
24,Senior Data Scientist - Modeling,Netflix,Not Disclosed,3.9,No,https://www.indeed.com/rc/clk?jk=4b3c7e01fe098a66&fccid=66403b30a2c0d89c&vjs=3
25,Lab Operations Technician,Talent Table,Not Disclosed,N/A,No,https://www.indeed.com/rc/clk?jk=5044f98364a6f954&fccid=e25888d421bc69b4&vjs=3
26,PolarWatch Coordinator,University of California Santa Cruz,"$91,850 - $107,800 a year",4.3,No,https://www.indeed.com/rc/clk?jk=ce638a3177ee7bc7&fccid=a19f34e542f56d99&vjs=3
27,Analytics Engineer (E5),Netflix,Not Disclosed,3.9,No,https://www.indeed.com/rc/clk?jk=3555c65326192972&fccid=66403b30a2c0d89c&vjs=3
28,Institutional Research Analyst,University of California Santa Cruz,"$79,500 - $93,200 a year",4.3,No,https://www.indeed.com/rc/clk?jk=03fcad1ad4f50c18&fccid=a19f34e542f56d99&vjs=3
29,Software Engineer (Remote),Informa Tech,Not Disclosed,N/A,No,https://www.indeed.com/rc/clk?jk=8c9b065583432505&fccid=723cd490904b231f&vjs=3
30,Applications Engineer,Ambient Photonics,Not Disclosed,N/A,No,https://www.indeed.com/rc/clk?jk=9c13b755fe0b8ded&fccid=37d66cb312a1b1bc&vjs=3
31,Software and System Validation Engineer,Intel,Not Disclosed,4.1,No,https://www.indeed.com/rc/clk?jk=908b1c07b7c9ec8c&fccid=936367796261bd6e&vjs=3
32,Detailer,ACCO Engineered Systems,Not Disclosed,3.7,No,https://www.indeed.com/rc/clk?jk=08774205959b9ee6&fccid=7b6768659a33c68e&vjs=3
33,CPU Debug Validation Engineer,Princeton IT Services,Not Disclosed,4.3,Yes,https://www.indeed.com/company/Princeton-IT-Services/jobs/Cpu-Debug-Validation-Engineer-af7e1f139e75c274?fccid=4141e421aceda42e&vjs=3
34,Data Scientist,"Fullpower Technologies, Inc.",Not Disclosed,N/A,No,https://www.indeed.com/rc/clk?jk=ff336d09b7fb3ce8&fccid=abd152d6cfac9810&vjs=3
35,Data Analyst,LatentView Analytics,"$70,000 - $120,000 a year",3.8,No,https://www.indeed.com/company/LatentView-Analytics/jobs/Data-Analyst-999f430f4baf9c52?fccid=20a24f005983fed4&vjs=3
36,DevOps Engineer,SIS,Not Disclosed,3.4,No,https://www.indeed.com/rc/clk?jk=8eeedfe9706a7d1e&fccid=858b91c1e4506185&vjs=3
37,System Test - Test Engineer,Joby Aviation,Not Disclosed,3.3,No,https://www.indeed.com/rc/clk?jk=9c713e2cef0925e2&fccid=4922aa0d050a55de&vjs=3
38,Research Scientist (E5) - Machine Learning for Personalizati...,Netflix,Not Disclosed,3.9,No,https://www.indeed.com/rc/clk?jk=3e4ccd5e5e5f3c29&fccid=66403b30a2c0d89c&vjs=3
39,BELS Teaching Lab Engineer,University of California Santa Cruz,"$79,740 - $93,208 a year",4.3,No,https://www.indeed.com/rc/clk?jk=60fcf3cbdbe2007f&fccid=a19f34e542f56d99&vjs=3
40,Electrical Engineer,Rosen,"$78,000 - $146,000 a year",3.8,Yes,https://www.indeed.com/pagead/clk?mo=r&ad=-6NYlbfkN0D4Xqdf8KU0xH7oiYIVphL-qtBAaaibezaaEuS_BW-WlyOJUim9eynzEfTZYWILHT-YCHOJeCU3w64SaC1c067Hi99Q-c2mUktI8XalgXaMYeJ66nYdUdkHsSO8x9q1D-lR7HXOjbM_QKZKB1ybCUrWQOfPb51KkwxQiD0Az-383Ckn3ud6_XG9af2TaGelK3csIFxmRhhySzpwAEVMDe3EDG4YHzDSZSkLRkcDKGSyWvGPAZOZ3vOm52bLlr5IL5vhRl4w00klgF2RxRm2O2CLElgKy8B5siGrZ42vHwR99y4-WueJouwm3mANPiAkjOaAckrFywDDllFF_7plV8L1VIbBSn9W44Yo1_e-psU2yykXzagosOXgPksTEPSFS0SyyW3Qt4MNNRfl-UCrUDYfulejBILjmYAR0vJBnluUGPGaGOrisN3k1Wknr9eF5n_MyLlNF7wp6-1vATrEd_Zj7gnjBYoqF4rVLzAtyu2PYznV4a4G25v1&xkcb=SoBX-_M3Z2WqvKxRlR0NbzkdCdPP&p=10&fvj=1&vjs=3
41,SIP Operations Coordinator,University of California Santa Cruz,$24.64 an hour,4.3,No,https://www.indeed.com/rc/clk?jk=1d1d62de13b59d40&fccid=a19f34e542f56d99&vjs=3
42,Embedded Systems Engineer,Ambient Photonics,Not Disclosed,N/A,No,https://www.indeed.com/rc/clk?jk=ff95f8c251c1b01f&fccid=37d66cb312a1b1bc&vjs=3
43,Manager of Engineering,Roomdex,Not Disclosed,N/A,No,https://www.indeed.com/rc/clk?jk=2318e8b21bc9496c&fccid=091aec40a37dfddc&vjs=3
44,"Java Developer – San Jose, CA",VEAH Consulting Services,"$75,350 - $128,624 a year",N/A,Yes,https://www.indeed.com/company/VEAH-Consulting-Services/jobs/Java-Developer-6fcc1f0423da6186?fccid=bcf571370fd55aba&vjs=3
45,Senior Software Engineer,University of California Santa Cruz,"$113,000 - $162,000 a year",4.3,No,https://www.indeed.com/rc/clk?jk=27226b2e036b6e3a&fccid=a19f34e542f56d99&vjs=3
46,Senior Software Engineer (E5) - AVTnT (Audio Video Test & To...,Netflix,Not Disclosed,3.9,Yes,https://www.indeed.com/rc/clk?jk=d050fa6bd6a92c14&fccid=66403b30a2c0d89c&vjs=3
47,Embedded Software Engineer II,Zero Motorcycles,Not Disclosed,3.6,No,https://www.indeed.com/rc/clk?jk=7aee18e1b321c84c&fccid=59b11ea321344b93&vjs=3
48,"Software Engineer, Platforms Tooling and Infrastructure",Joby Aviation,Not Disclosed,3.3,No,https://www.indeed.com/rc/clk?jk=2e970ff6dad1522b&fccid=4922aa0d050a55de&vjs=3
49,Senior Software Engineer,Diakopto Inc.,"$180,000 - $250,000 a year",N/A,No,https://www.indeed.com/company/Diakopto-Inc./jobs/Senior-Software-Engineer-a2484f9bc7efd6f2?fccid=eec1695f511a7598&vjs=3
50,Site Reliability Engineer (E5) - CORE,Netflix,Not Disclosed,3.9,No,https://www.indeed.com/rc/clk?jk=7d1b0d636f0394ad&fccid=66403b30a2c0d89c&vjs=3
51,Embedded Software Engineer,Elite ProTek,"$150,000 - $160,000 a year",N/A,No,https://www.indeed.com/company/Elite-ProTek/jobs/Embedded-Software-Engineer-3bfb7862f254ea74?fccid=f88b8c3a4cecf69f&vjs=3
52,Machine Learning Engineer,Pluto7,Not Disclosed,N/A,No,https://www.indeed.com/rc/clk?jk=f02d0eab3b25921d&fccid=303b7882c2847d78&vjs=3
53,Cloud Engineer,Digital Dhara LLC,$60 - $70 an hour,N/A,No,https://www.indeed.com/company/Digital-Dhara-LLC/jobs/Cloud-Engineer-328c1b568c714b1b?fccid=c77b76135d73a183&vjs=3
54,SDET ENGINEER,iAppsData,Not Disclosed,N/A,No,https://www.indeed.com/company/iappsdata/jobs/Sdet-Engineer-57d6f488ee785c02?fccid=cdb4db21dc7f698f&vjs=3
55,Software Engineer,University of California Santa Cruz,"$83,000 - $110,000 a year",4.3,No,https://www.indeed.com/rc/clk?jk=53b10e16b1e1b5e0&fccid=a19f34e542f56d99&vjs=3
56,Software Engineer,Cradlepoint,Not Disclosed,3.0,No,https://www.indeed.com/rc/clk?jk=edeb6c8a000cd946&fccid=cf2a618027c975ad&vjs=3
57,SQA (GUI Automation),FiSec Global Inc,$60 - $62 an hour,N/A,No,https://www.indeed.com/company/Fisec-Global-Inc./jobs/Sqa-40ceb883dbdf7796?fccid=58e1591d342807a8&vjs=3
58,Lab Admin,Cradlepoint,Not Disclosed,3.0,No,https://www.indeed.com/rc/clk?jk=bd84fd4bb9e5b7d5&fccid=cf2a618027c975ad&vjs=3
59,System Test Engineer,Mojo Vision,Not Disclosed,N/A,No,https://www.indeed.com/rc/clk?jk=f94e6952e026edb6&fccid=432f25197c1e0719&vjs=3
60,Software Engineer - Machine Learning (US Remote OK),Splunk,Not Disclosed,4.2,Yes,https://www.indeed.com/rc/clk?jk=b2cdbd718249e517&fccid=aef928e89977f7f0&vjs=3
61,Firmware Engineer,Princeton IT Services,Not Disclosed,4.3,Yes,https://www.indeed.com/company/Princeton-IT-Services/jobs/Firmware-Engineer-9cb79e54045735ec?fccid=4141e421aceda42e&vjs=3
62,Software Engineer,"TenaFe, Inc",Not Disclosed,N/A,No,https://www.indeed.com/rc/clk?jk=689e0e876646071d&fccid=1398bd968c931148&vjs=3
63,Head of Product for a fintech start up,Recruiting From Scratch,Not Disclosed,N/A,No,https://www.indeed.com/rc/clk?jk=f0ae36f277140ae4&fccid=09e02654c2f26bbd&vjs=3
64,"QA Test Lead DCC, Games - Operations",Netflix,Not Disclosed,3.9,No,https://www.indeed.com/rc/clk?jk=2fbaea75cee404a3&fccid=66403b30a2c0d89c&vjs=3
65,ASIC Design Engineer,Spanidea Systems,"$90,000 - $172,187 a year",N/A,Yes,https://www.indeed.com/company/Spanidea-Systems/jobs/Asic-Design-Engineer-834e46a3d6b856ee?fccid=0d33eb8110cc8c07&vjs=3
66,Senior Dev Ops Engineer,Joby Aviation,Not Disclosed,3.3,No,https://www.indeed.com/rc/clk?jk=617bff3bc78e8b19&fccid=4922aa0d050a55de&vjs=3
67,"Software Engineer, Manufacturing Test Automation",Joby Aviation,Not Disclosed,3.3,No,https://www.indeed.com/rc/clk?jk=01dd8b8119e28f46&fccid=4922aa0d050a55de&vjs=3
68,Content Analytics Engineer : 22-05062,Akraya Inc.,Not Disclosed,3.6,No,https://www.indeed.com/rc/clk?jk=39050994256d4608&fccid=474b9602e1305593&vjs=3
69,Testing – Flight Test Instrumentation Engineer,Joby Aviation,Not Disclosed,3.3,No,https://www.indeed.com/rc/clk?jk=7e2b85480d654d91&fccid=4922aa0d050a55de&vjs=3
70,Electrical Engineer,Rosen,"$78,000 - $146,000 a year",3.8,Yes,https://www.indeed.com/pagead/clk?mo=r&ad=-6NYlbfkN0D4Xqdf8KU0xH7oiYIVphL-qtBAaaibezaaEuS_BW-WlyOJUim9eynzEfTZYWILHT-YCHOJeCU3w64SaC1c067Hi99Q-c2mUktI8XalgXaMYeJ66nYdUdkHsSO8x9q1D-lR7HXOjbM_QKZKB1ybCUrWQOfPb51KkwxQiD0Az-383Ckn3ud6_XG9Ju0Ul3LzScay2mfG3B6_qbR2xKbTm-8P_X1uTuz3V3yE4IXveulAckkGNxwHbUnNyiexjBwGqYcGJ-FserP0PUr3ezEAWKnuwba4O3YmNXICAm39VUecuj5AmdFOhcWRaGayIONYnXoezNaQsnSo93g3QLF23w0R2RVZclZUPmJG1dKFtMuDko_Wv2Z5Sk7nOUrK1HTXGxwbWiIgL67aPMKV4pf3SCpb6m1rD9z-eGPnTEUFgjQZZAeAQZoISGyZ0majOHj_LrwPzibx4nvUGH59124aVoxK6GrQxhXsUySKTCd5AWAtkI_Sq5hEhulk&xkcb=SoA7-_M3Z2Wp5BzeiR0LbzkdCdPP&p=10&fvj=1&vjs=3
71,Part-time Coding/Programming Teacher,X-Camp Academy,From $100 an hour,N/A,No,https://www.indeed.com/company/X--Camp-Academy/jobs/Part-Time-Coding-Programming-Teacher-0500e406485cd550?fccid=b34a48011123b60e&vjs=3
72,Software Engineer - Analytics Platform (Remote),Splunk,Not Disclosed,4.2,No,https://www.indeed.com/rc/clk?jk=885a235a6ec1887b&fccid=aef928e89977f7f0&vjs=3
73,Staff Software Engineer,Trend Micro Inc.,"$135,036 - $142,664 a year",4.0,No,https://www.indeed.com/company/Trend-Micro-Inc./jobs/Staff-Software-Engineer-75c88602c60ac175?fccid=db9e6b2d86b4afad&vjs=3
74,Cloud Engineer,Cradlepoint,Not Disclosed,3.0,No,https://www.indeed.com/rc/clk?jk=33a7ad5d94b03f33&fccid=cf2a618027c975ad&vjs=3
75,"Principal Applied Scientist, Machine Learning",Amazon.com Services LLC,Not Disclosed,3.5,No,https://www.indeed.com/rc/clk?jk=22aeab31522223e1&fccid=fe2d21eef233e94a&vjs=3
76,Applications Software Engineer - Full Stack - Python,Savioke,Not Disclosed,N/A,No,https://www.indeed.com/rc/clk?jk=d54193b095c0b773&fccid=569887bc2f7af63f&vjs=3
77,Performance Power Manager,Intel,Not Disclosed,4.1,No,https://www.indeed.com/rc/clk?jk=aff0eb594e070cce&fccid=936367796261bd6e&vjs=3
78,Electronics Engineer 3,"FOX Factory, Inc.",Not Disclosed,2.6,No,https://www.indeed.com/rc/clk?jk=0a722253bf1e0679&fccid=2cae9e0288ad34aa&vjs=3
79,Failure Analysis Specialist,ChargePoint,Not Disclosed,3.4,Yes,https://www.indeed.com/rc/clk?jk=043391f7c0a1a721&fccid=e2046655ee5b8a6a&vjs=3
80,Part-time Computer Programming Instructor (SanJose/Fremont)...,Learn2Code.Live,Not Disclosed,N/A,No,https://www.indeed.com/company/Learn2Code.Live/jobs/Part-Time-Computer-Programming-Instructor-College-Student-b21cc2f5a6829858?fccid=f4f94e36a0eb83a2&vjs=3
81,Energy Systems Analyst,University of California Santa Cruz,"$110,750 - $115,000 a year",4.3,No,https://www.indeed.com/rc/clk?jk=e890c7f089024bfd&fccid=a19f34e542f56d99&vjs=3
82,Cloud Engineer,Rivago infotech,Not Disclosed,N/A,No,https://www.indeed.com/company/Rivago-infotech/jobs/Cloud-Engineer-8212fa2fcbd3683d?fccid=af196defa5389d41&vjs=3
83,Design Verification Engineer,XA Talent,"$86,167 - $120,000 a year",N/A,No,https://www.indeed.com/company/XA-Talent/jobs/Design-Verification-Engineer-192b3c64b5408bcf?fccid=5d48d2a0e020eb16&vjs=3
84,Python Software Engineer [Apps Team][Hybrid],Savioke,Not Disclosed,N/A,No,https://www.indeed.com/rc/clk?jk=1dbb1046bb014ec7&fccid=569887bc2f7af63f&vjs=3
85,Mid Fullstack Engineer,Recruiting From Scratch,"$100,000 - $130,000 a year",N/A,No,https://www.indeed.com/rc/clk?jk=e93fdb398015f891&fccid=09e02654c2f26bbd&vjs=3
86,Test Engineering Technician,Mojo Vision,Not Disclosed,N/A,No,https://www.indeed.com/rc/clk?jk=e553fcd832de6599&fccid=432f25197c1e0719&vjs=3
87,"Engineering Manager, Machine Learning Platform Experience",Netflix,Not Disclosed,3.9,No,https://www.indeed.com/rc/clk?jk=4176ed16fa01b5aa&fccid=66403b30a2c0d89c&vjs=3
88,Technical Account Manager,Xactly Corporation,Not Disclosed,3.6,No,https://www.indeed.com/rc/clk?jk=8f4fc874ef8e2282&fccid=42c87634fc4497ed&vjs=3
89,"Sr. QA Analyst - DCC, Games - Operations",Netflix,Not Disclosed,3.9,No,https://www.indeed.com/rc/clk?jk=c99ff10534a5baa7&fccid=66403b30a2c0d89c&vjs=3
90,Senior Data Engineer,Recruiting From Scratch,"$130,000 - $140,000 a year",N/A,No,https://www.indeed.com/rc/clk?jk=bbd84fd428d798cb&fccid=09e02654c2f26bbd&vjs=3
91,Loads and Dynamics Engineer,Joby Aviation,Not Disclosed,3.3,No,https://www.indeed.com/rc/clk?jk=bbaf70e4fae1d5d0&fccid=4922aa0d050a55de&vjs=3
92,GCP Consultant,PLAXONIC,$50 - $60 an hour,N/A,Yes,https://www.indeed.com/company/PLAXONIC/jobs/Gcp-Consultant-26eeee47c21776e4?fccid=00c1e9093e1e5e65&vjs=3
93,CPU And Debug Validation Engineer,Recruittalent.llc,$39.40 - $71.89 an hour,N/A,No,https://www.indeed.com/company/SYSUSA.INC/jobs/Cpu-Debug-Validation-Engineer-d831407c366a7e69?fccid=958f9548e93795eb&vjs=3
94,Principal Client Platform Engineer (US Remote Available),Splunk,"$110,000 a year",4.2,No,https://www.indeed.com/rc/clk?jk=592ad9235062252a&fccid=aef928e89977f7f0&vjs=3
95,Robot Software Engineer,Savioke,Not Disclosed,N/A,No,https://www.indeed.com/rc/clk?jk=21af3cabffe9d4c8&fccid=569887bc2f7af63f&vjs=3
96,"Senior Software Engineer, SDLC (Remote)",Splunk,"$95,000 a year",4.2,No,https://www.indeed.com/rc/clk?jk=a10102df79dabf67&fccid=aef928e89977f7f0&vjs=3
97,Business Information & Application User Analyst,University of California Santa Cruz,$33.52 an hour,4.3,No,https://www.indeed.com/rc/clk?jk=cd101ca99e949bce&fccid=a19f34e542f56d99&vjs=3
98,Electrical Engineer,Rosen,"$78,000 - $146,000 a year",3.8,Yes,https://www.indeed.com/pagead/clk?mo=r&ad=-6NYlbfkN0D4Xqdf8KU0xH7oiYIVphL-qtBAaaibezaaEuS_BW-WlyOJUim9eynzEfTZYWILHT-YCHOJeCU3w64SaC1c067Hi99Q-c2mUktI8XalgXaMYeJ66nYdUdkHsSO8x9q1D-lR7HXOjbM_QKZKB1ybCUrWQOfPb51KkwxQiD0Az-383Ckn3ud6_XG9EnEPdLwKkONtCTyBTu2VMtHdlVSRRvHav4en8GbRxPTR5_uixnC9dvRjVX2qhXtiSv4ILKUGbwuRFjU6JN_TnjZiZDFr2WyuN_yhWF1-f0UKsxeIqGDeb-r8I-6UCCpv801UA3sHrODi8Mv-P7J-Ri41NDcnHXWE0OI4wGDmLdvO1djcH0OeOr28fcuyU1Ns_MEPUhcsYxDYQ7OJu9Of4lwIIwKan6jbD1TJP6cgolZaij_I-pMpUir-chq36rV3gUaXmJvAdb6m2ccCDOPSMV5OGbEUzMAj3JGvT-8Wp7QOPA_Qf5UA5_EiXIxzZZsP&xkcb=SoCX-_M3Z2WpJ7ReyZ0IbzkdCdPP&p=8&fvj=1&vjs=3
99,Test Engineer,World IP Phone,Not Disclosed,N/A,No,https://www.indeed.com/rc/clk?jk=06df7f6f5b427eee&fccid=bbad558540cd4dfb&vjs=3
100,Visual Compute and AI Graphics Solutions Architect,Intel,Not Disclosed,4.1,No,https://www.indeed.com/rc/clk?jk=6299f83923726960&fccid=936367796261bd6e&vjs=3
101,FHE Algorithms / Application Developer (Remote),Embtel Inc,Not Disclosed,N/A,No,https://www.indeed.com/rc/clk?jk=f2435d31d849be2a&fccid=a7f712fb47f93f16&vjs=3
102,Systems Design and Applications Manager,Intel,Not Disclosed,4.1,No,https://www.indeed.com/rc/clk?jk=a97b8c63678286a5&fccid=936367796261bd6e&vjs=3
103,Backend Software Engineer,SMIT Solutions,Not Disclosed,N/A,No,https://www.indeed.com/company/American-Technosys/jobs/Backend-Software-Engineer-6a6e4b4b9e6610ce?fccid=5ac775b8547c0f3d&vjs=3
104,"Sr. Engineering Manager, Product Performance",Splunk,"$125,000 a year",4.2,No,https://www.indeed.com/rc/clk?jk=b7974576851df2c8&fccid=aef928e89977f7f0&vjs=3
105,Insider Threat Analyst,DTEX Systems,Not Disclosed,3.3,No,https://www.indeed.com/rc/clk?jk=bcba1347f9826b1a&fccid=4ffed6380dd51657&vjs=3
106,"Senior Security Engineer, Application Security (US Remote Av...",Splunk,"$115,000 a year",4.2,No,https://www.indeed.com/rc/clk?jk=bfb9b77604cd0ddc&fccid=aef928e89977f7f0&vjs=3
107,Full-stack Software Engineer,Juji,Not Disclosed,N/A,No,https://www.indeed.com/rc/clk?jk=5775e477b969e945&fccid=dd616958bd9ddc12&vjs=3
108,ASIC Engineer/Digital Verification,Movellus,Not Disclosed,N/A,No,https://www.indeed.com/rc/clk?jk=c5bdae85b41375f5&fccid=3ae5ff10067e2349&vjs=3
109,Cloud Devops Engineer,Pluto7,Not Disclosed,N/A,No,https://www.indeed.com/rc/clk?jk=153db6cfe4944a99&fccid=303b7882c2847d78&vjs=3
110,Board Design Engineer,Saba Talent,"$155,000 - $180,000 a year",N/A,No,https://www.indeed.com/company/1955/jobs/Board-Design-Engineer-2252b469d1cdfab5?fccid=483bdd1cd8639477&vjs=3
111,API Support Engineer,ChargePoint,Not Disclosed,3.4,No,https://www.indeed.com/rc/clk?jk=777f11c84e8329a6&fccid=e2046655ee5b8a6a&vjs=3
112,"Process Engineer, Hardware",Velo3D,Not Disclosed,3.3,No,https://www.indeed.com/rc/clk?jk=1084e374392e9450&fccid=57037b6bbd45a706&vjs=3
113,Staff Software Engineer - Factory Software,ChargePoint,Not Disclosed,3.4,No,https://www.indeed.com/rc/clk?jk=0f5d89a689e0f964&fccid=e2046655ee5b8a6a&vjs=3
114,Computer Science (CS) Instructor - Tenure Track,Cabrillo College,"$64,137 - $98,451 a year",4.4,Yes,https://www.indeed.com/rc/clk?jk=afdf668f37a15435&fccid=766a985bea79ad48&vjs=3
115,Sr. DevOps Engineer,Procurant,Not Disclosed,N/A,No,https://www.indeed.com/rc/clk?jk=710927bc6d1509be&fccid=8d1ec625b85862b4&vjs=3
116,Security Engineer,DTEX Systems,Not Disclosed,3.3,No,https://www.indeed.com/rc/clk?jk=d2cc03b33743f8ce&fccid=4ffed6380dd51657&vjs=3
117,Security Engineer,Barracuda Networks Inc.,Not Disclosed,3.4,No,https://www.indeed.com/rc/clk?jk=04aaad9a4886d66f&fccid=d3a7adea49ff772d&vjs=3
118,Pre-Sales Engineers - USA Based,RiverMeadow,Not Disclosed,N/A,No,https://www.indeed.com/rc/clk?jk=9f0ac3b2e318c238&fccid=ae2fe77db80f34f4&vjs=3
119,SoC Design Engineer,Intel,Not Disclosed,4.1,No,https://www.indeed.com/rc/clk?jk=1007a18952212e8b&fccid=936367796261bd6e&vjs=3
120,Flight Dynamics Model Developer,Joby Aviation,Not Disclosed,3.3,No,https://www.indeed.com/rc/clk?jk=29d9c09cb365fecd&fccid=4922aa0d050a55de&vjs=3
121,Senior Backend Engineer (Venture Capital Firm),Recruiting From Scratch,"$150,000 - $200,000 a year",N/A,Yes,https://www.indeed.com/rc/clk?jk=cc374c46d1274d3d&fccid=09e02654c2f26bbd&vjs=3
122,"Director, Design Verification",Arteris IP,Not Disclosed,N/A,No,https://www.indeed.com/rc/clk?jk=61da37332eb74afb&fccid=4bd75b7bd15ac761&vjs=3
123,Data Scientist - Security ML,Splunk,Not Disclosed,4.2,Yes,https://www.indeed.com/rc/clk?jk=eff5b37280359968&fccid=aef928e89977f7f0&vjs=3
124,Sr. Principal Software Engineer in Test (US - Remote),Splunk,"$165,000 a year",4.2,No,https://www.indeed.com/rc/clk?jk=98efa882ef26c9c4&fccid=aef928e89977f7f0&vjs=3
125,Systems Software Engineer,DTEX Systems,Not Disclosed,3.3,No,https://www.indeed.com/rc/clk?jk=97f0406103267ce5&fccid=4ffed6380dd51657&vjs=3
126,Design Verification Cache Coherency Specialist,Arteris IP,Not Disclosed,N/A,No,https://www.indeed.com/rc/clk?jk=5b72c2afe7203748&fccid=4bd75b7bd15ac761&vjs=3
127,Quantitative Software Developer,Recruiting From Scratch,Not Disclosed,N/A,No,https://www.indeed.com/rc/clk?jk=ee9533312b0d495d&fccid=09e02654c2f26bbd&vjs=3
128,Software Engineer Manager,Recruiting From Scratch,"$150,000 - $200,000 a year",N/A,No,https://www.indeed.com/rc/clk?jk=193f99c464033487&fccid=09e02654c2f26bbd&vjs=3
129,Software Engineer in Test - Data Platform S&I,Splunk,"$95,000 a year",4.2,No,https://www.indeed.com/rc/clk?jk=c08f8bf8ac5cf1cd&fccid=aef928e89977f7f0&vjs=3
130,Sr. ML Engineer,Cradlepoint,Not Disclosed,3.0,No,https://www.indeed.com/rc/clk?jk=11b6d0c6abba47d4&fccid=cf2a618027c975ad&vjs=3
131,Sr. DevOps Performance Engineer,Xactly Corporation,Not Disclosed,3.6,No,https://www.indeed.com/rc/clk?jk=82e66f898afc8d54&fccid=42c87634fc4497ed&vjs=3
132,Manufacturing Test Engineer,ChargePoint,Not Disclosed,3.4,No,https://www.indeed.com/rc/clk?jk=61bf414748d46a31&fccid=e2046655ee5b8a6a&vjs=3
133,Cloud Migration Specialists - Junior & Senior (based out of...,RiverMeadow,Not Disclosed,N/A,No,https://www.indeed.com/rc/clk?jk=8f30251b4159b558&fccid=ae2fe77db80f34f4&vjs=3
134,Infra and Security Engineer,Pluto7,Not Disclosed,N/A,No,https://www.indeed.com/rc/clk?jk=603503a1b555f06f&fccid=303b7882c2847d78&vjs=3
135,Software QA Engineer,DTEX Systems,Not Disclosed,3.3,No,https://www.indeed.com/rc/clk?jk=038d6524e8e4ba11&fccid=4ffed6380dd51657&vjs=3
136,GIS Technical Specialist 2,Woodard & Curran,Not Disclosed,3.2,No,https://www.indeed.com/rc/clk?jk=77b06d86837987fe&fccid=c7643478516b62af&vjs=3
137,Hardware Test Engineer,ChargePoint,Not Disclosed,3.4,No,https://www.indeed.com/rc/clk?jk=52ffc7a9d438e5b1&fccid=e2046655ee5b8a6a&vjs=3
138,SoC Validation Engineer,Atmosic Technologies,Not Disclosed,N/A,No,https://www.indeed.com/rc/clk?jk=305bad94759269d7&fccid=a15f89f17495c93b&vjs=3
139,Senior Embedded Software QA Engineer,ChargePoint,Not Disclosed,3.4,No,https://www.indeed.com/rc/clk?jk=a0e8d953f132cea6&fccid=e2046655ee5b8a6a&vjs=3
140,Sr. Machine Learning Engineer,Barracuda Networks Inc.,Not Disclosed,3.4,No,https://www.indeed.com/rc/clk?jk=d7c0c110ce12a8f9&fccid=d3a7adea49ff772d&vjs=3
141,Senior Data Engineer,Splunk,"$115,000 a year",4.2,No,https://www.indeed.com/rc/clk?jk=bd56d8f6ebf9f273&fccid=aef928e89977f7f0&vjs=3
142,Counter Insider Threat (C-InT) Content Developer,DTEX Systems,Not Disclosed,3.3,No,https://www.indeed.com/rc/clk?jk=cd12079d5f41e332&fccid=4ffed6380dd51657&vjs=3
143,Roboticist / Firmware Engineer,Savioke,Not Disclosed,N/A,No,https://www.indeed.com/rc/clk?jk=8289ae8b1cb5f49c&fccid=569887bc2f7af63f&vjs=3
144,Distinguished Engineer - Cloud Architect (Remote US or Canad...,Splunk,Not Disclosed,4.2,No,https://www.indeed.com/rc/clk?jk=d02803396845250c&fccid=aef928e89977f7f0&vjs=3
145,Sr Software Engineer,"Telos Health, Inc.",Not Disclosed,N/A,No,"https://www.indeed.com/company/Telos-Health,-Inc./jobs/Senior-Software-Engineer-80cc35219262521f?fccid=fec715bc19c23d14&vjs=3"
146,Electrical Engineer,Rosen,"$78,000 - $146,000 a year",3.8,Yes,https://www.indeed.com/pagead/clk?mo=r&ad=-6NYlbfkN0D4Xqdf8KU0xH7oiYIVphL-qtBAaaibezaaEuS_BW-WlyOJUim9eynzEfTZYWILHT-YCHOJeCU3w64SaC1c067Hi99Q-c2mUktI8XalgXaMYeJ66nYdUdkHsSO8x9q1D-lR7HXOjbM_QKZKB1ybCUrWQOfPb51KkwxQiD0Az-383Ckn3ud6_XG9d_f1Xu4rLwajtIhpe6UPfrv2R-s3L0xSuZP19S01epKe_eCCQizeRiijxAsqymB5i6ouNajMMJbmI1vRhphki5Svfh8pa0AOuqhprUPf10ScQsnU0MfWu-oUkJg7kyt2O5Om7GiMcJRBxxKx-MiGzPc70d25lc6TWCzoThRgls5m5rYCIWoDTrULxVaCnlinX7-Ito50VHFq4R8WENybHkpOkn_7RzbYS4v3ism7yQzd-IRP90hKZpOq9qJ-Lsb1rSp3RRWJPySqH4XCvhxVUFlKxhvfAQSnOLA95m3QIHtlddCdzdOhtoQ1T8xW-cAi&xkcb=SoBZ-_M3Z2Wn1V3I250PbzkdCdPP&p=11&fvj=1&vjs=3
147,"Principal Technical Product Manager, Salesforce CPQ (US Remo...",Splunk,Not Disclosed,4.2,No,https://www.indeed.com/rc/clk?jk=bc56848358f96d36&fccid=aef928e89977f7f0&vjs=3
148,Staff UX Engineer - Embedded,ChargePoint,Not Disclosed,3.4,No,https://www.indeed.com/rc/clk?jk=6f9c80c2492ef308&fccid=e2046655ee5b8a6a&vjs=3
149,Sr. Principal Performance Engineer (US-Remote),Splunk,"$165,000 a year",4.2,No,https://www.indeed.com/rc/clk?jk=70c557612eebb63f&fccid=aef928e89977f7f0&vjs=3
150,Wireless Low-Power Hardware Systems Engineer,Atmosic Technologies,Not Disclosed,N/A,No,https://www.indeed.com/rc/clk?jk=86daa0603e0e1068&fccid=a15f89f17495c93b&vjs=3
151,Senior Software Engineer (Software Support Escalation),ChargePoint,Not Disclosed,3.4,No,https://www.indeed.com/rc/clk?jk=908fdc4358c3cb73&fccid=e2046655ee5b8a6a&vjs=3
152,Staff Firmware Engineer,"Telos Health, Inc.",Not Disclosed,N/A,No,"https://www.indeed.com/company/Telos-Health,-Inc./jobs/Staff-Firmware-Engineer-ba8cf5e2853162cf?fccid=fec715bc19c23d14&vjs=3"
153,Speech & Text Solution Architect,eBay Inc.,Not Disclosed,3.9,No,https://www.indeed.com/rc/clk?jk=528dc66b85d1e699&fccid=ccf155b8e5eb4bf8&vjs=3
154,Electrical Systems Engineer - Robotics,Savioke,Not Disclosed,N/A,No,https://www.indeed.com/rc/clk?jk=a00b14f6233a70c2&fccid=569887bc2f7af63f&vjs=3
155,Principal Full-Stack Engineer,DTEX Systems,Not Disclosed,3.3,No,https://www.indeed.com/rc/clk?jk=605f61ec0352e069&fccid=4ffed6380dd51657&vjs=3
156,Staff Site Reliability Engineer,ChargePoint,Not Disclosed,3.4,No,https://www.indeed.com/rc/clk?jk=c195c4c4c38a5a65&fccid=e2046655ee5b8a6a&vjs=3
157,Electrical Engineer,Rosen,"$78,000 - $146,000 a year",3.8,Yes,https://www.indeed.com/pagead/clk?mo=r&ad=-6NYlbfkN0D4Xqdf8KU0xH7oiYIVphL-qtBAaaibezaaEuS_BW-WlyOJUim9eynzEfTZYWILHT-YCHOJeCU3w64SaC1c067Hi99Q-c2mUktI8XalgXaMYeJ66nYdUdkHsSO8x9q1D-lR7HXOjbM_QKZKB1ybCUrWQOfPb51KkwxQiD0Az-383Ckn3ud6_XG9XMaXahzfb_YWSfrYEK1guG9dgayL78hU2gfzWz-WctSyP-z5ySDn71JQLlDuQVwezCLXorJggTsNdjHF87YAuJSjbpCcxFEGp2f6MIJXYhQW58vYt-FQiWHJnZfg8W3gO-OcB5ttc67ZTVqrXqDj7jeRJkuh2A4_dYBe4YOcd57yae3_I45_jdz1Twcnhc5hneYmGrRYSukRNp52IxXcIytL1VReY6X-bWJf4CVqIg9SYOlNGhBiBhhYjSU5zTluxB8O6hp7cyMGQP9jjP3ekkLXFALUHbvvCahbrmr1u6SErSM7Fl2HFDx2jVzbPHRw&xkcb=SoBe-_M3Z2WnsszAyB0IbzkdCdPP&p=7&fvj=1&vjs=3
158,Sensor Integration Engineer,Mojo Vision,Not Disclosed,N/A,No,https://www.indeed.com/rc/clk?jk=6229c0b6a5a46785&fccid=432f25197c1e0719&vjs=3
159,Senior Staff Test Engineer - Power Systems,ChargePoint,Not Disclosed,3.4,No,https://www.indeed.com/rc/clk?jk=5a3875d137f8b0b9&fccid=e2046655ee5b8a6a&vjs=3
160,Senior Embedded Software Engineer: Infrastructure,Joby Aviation,Not Disclosed,3.3,No,https://www.indeed.com/rc/clk?jk=27f91c98c12b72ca&fccid=4922aa0d050a55de&vjs=3
161,Senior Design Verification Engineer,Arteris IP,Not Disclosed,N/A,No,https://www.indeed.com/rc/clk?jk=12211219d6092393&fccid=4bd75b7bd15ac761&vjs=3
162,Principal Systems Software Engineer,DTEX Systems,Not Disclosed,3.3,No,https://www.indeed.com/rc/clk?jk=3f076742f9e7ebea&fccid=4ffed6380dd51657&vjs=3
163,Software Engineer - User Experience,DTEX Systems,Not Disclosed,3.3,No,https://www.indeed.com/rc/clk?jk=d4179f020693262e&fccid=4ffed6380dd51657&vjs=3
164,Sr. Backend Engineer,Barracuda Networks Inc.,Not Disclosed,3.4,No,https://www.indeed.com/rc/clk?jk=abe8c5e81aed56a8&fccid=d3a7adea49ff772d&vjs=3
165,Senior ASIC/FPGA IP Solutions Engineer,Intel,Not Disclosed,4.1,No,https://www.indeed.com/rc/clk?jk=bc7463e7e8880a40&fccid=936367796261bd6e&vjs=3
166,RFuW Solutions Engineer,Keysight Technologies,Not Disclosed,3.9,Yes,https://www.indeed.com/rc/clk?jk=908213e356dc199f&fccid=d072500b76ca23c2&vjs=3
167,Electrical Engineer,Rosen,"$78,000 - $146,000 a year",3.8,Yes,https://www.indeed.com/pagead/clk?mo=r&ad=-6NYlbfkN0D4Xqdf8KU0xH7oiYIVphL-qtBAaaibezaaEuS_BW-WlyOJUim9eynzEfTZYWILHT-YCHOJeCU3w64SaC1c067Hi99Q-c2mUktI8XalgXaMYeJ66nYdUdkHsSO8x9q1D-lR7HXOjbM_QKZKB1ybCUrWQOfPb51KkwxQiD0Az-383Ckn3ud6_XG9IyRevxnv9Yiw8U3G563iU6egsbwtV0TDXGKBy_9WxSGFbLg84cl7RvwzFR28z6GiVVWyZnI8H0AVZ1RN2y8V0i2q2gy5xVq0X_guSZJuC1Z_aANbidwok3IS-vE8vzISh4NXNBRTRQsU7jC9-hne6k9bbQ9ZMN8fQJem8j3dQ1lPOK44NZxsagAFEoDDFbViQ0W27Kt2_ybw-s902PT6Q_E7CJP3kk4OHiJah2C7Ee0MXJ4v8WosUfMyPLVH39tA00CU-MgqokEfuZ7Wh8Qelv9JIhwirW1iKiltXU5MhwzSERZnRCa3uSZqosWLnUdz&xkcb=SoB8-_M3Z2WnHu0yhh0LbzkdCdPP&p=2&fvj=1&vjs=3
168,Senior Digital Design Verification Engineer - Campbell,Renesas - Dialog,Not Disclosed,N/A,No,https://www.indeed.com/rc/clk?jk=10be78a692fbdcf5&fccid=cdcf9685dfa29808&vjs=3
169,Senior Embedded Software Engineer,Neatleaf,Not Disclosed,N/A,No,https://www.indeed.com/rc/clk?jk=03a0d5c7249447e5&fccid=dedbd2c490df7b04&vjs=3
170,Senior Digital Design Verification Engineer,Dialog Semiconductor,Not Disclosed,4.0,No,https://www.indeed.com/rc/clk?jk=b5d02a29f4a341ee&fccid=0dbb963973c4856c&vjs=3
171,"Senior Manager, Strategic Insights",Arm,Not Disclosed,4.2,No,https://www.indeed.com/rc/clk?jk=776ac18e2895c009&fccid=0110be8f148b4964&vjs=3
172,Senior Software Engineer - SaaS,Cradlepoint,Not Disclosed,3.0,No,https://www.indeed.com/rc/clk?jk=7d74777d6b2f1e09&fccid=cf2a618027c975ad&vjs=3
173,Process Optimization and Robotics Senior Consultant,Crowe,Not Disclosed,3.6,No,https://www.indeed.com/rc/clk?jk=131c4c9e4384d9fe&fccid=994b5c764776123e&vjs=3
174,Programmer Analyst I/II,City of Santa Cruz,Not Disclosed,4.2,No,https://www.indeed.com/rc/clk?jk=d0fcfeab20954e00&fccid=0911253ec330f5b3&vjs=3
175,Site Reliability Engineer,DTEX Systems,Not Disclosed,3.3,No,https://www.indeed.com/rc/clk?jk=de987d5160365e15&fccid=4ffed6380dd51657&vjs=3
176,Staff / Senior Staff Cloud Infrastructure Engineer,ChargePoint,Not Disclosed,3.4,No,https://www.indeed.com/rc/clk?jk=8d9d977551300adc&fccid=e2046655ee5b8a6a&vjs=3
177,Senior Data Engineer,Barracuda Networks Inc.,Not Disclosed,3.4,No,https://www.indeed.com/rc/clk?jk=54e9cf09bc842cf6&fccid=d3a7adea49ff772d&vjs=3
178,Senior Algorithm Software Engineer,Palo Verde Consulting,Not Disclosed,N/A,No,https://www.indeed.com/rc/clk?jk=100127b4997cd58d&fccid=3464502526f5e32d&vjs=3
179,Full Time Shipper Receiver,Williams Sonoma,Not Disclosed,3.4,No,https://www.indeed.com/rc/clk?jk=fd81c98877933896&fccid=cdd85c4d445cce0f&vjs=3
180,Photonic Integration Researcher,Keysight Technologies,Not Disclosed,3.9,No,https://www.indeed.com/rc/clk?jk=a7c796b8f9f43aee&fccid=d072500b76ca23c2&vjs=3
181,Senior FPGA Circuit Design Engineer,AnDAPT,Not Disclosed,4.5,No,https://www.indeed.com/rc/clk?jk=a7232bbaeff14926&fccid=f1b095fc10920d7f&vjs=3
182,Senior Electrical Engineer,CACI,Not Disclosed,3.8,No,https://www.indeed.com/rc/clk?jk=cb014ec193d835f6&fccid=5fca42294cdbc080&vjs=3
183,Senior SDET Python Selenium Linux REMOTE,CyberCoders,"$150,000 - $175,000 a year",3.7,Yes,https://www.indeed.com/pagead/clk?mo=r&ad=-6NYlbfkN0CpFJQzrgRR8WqXWK1qKKEqALWJw739KlKqr2H-MSI4eoBlI4EFrmor2FYZMP3muM3oVLaOs4f3sOyLWc1SRumE7DpyNCAh6w9j0Hib0-GyB5L-msFT8bFgUhW9gM8FoZ6GLx-ApOwuNh4JU0SzZ_EvnF7rT20uafFYmURLoWgTPILtOFzNs5OMSbW_i34w_ovtO3bnRJ8oRAH6KzmyAftWo9a8q-qwnduOxtfRJgY_F9u5TUfjNUCaU9BcSJCH86ueUw5QW_vxabDGXBQO0Qsq6nSrJU_t2h0xyazR1AdaD85ghcUqc86oD50HpWYW1pDams3KK33CJy02ET12dYKwebGqMzJsYWITlzwbJKRM1mxgEK1h7shDkNsHzvXZoRveUgga7_q26gzPbHoA4uuFumk7iZX_mwDsbzMImFpCgFLRfdSsemq91FUKh2HwEvbbo07lgvTitg-kNe-NyO4N1rTR6u9B-X6TzmiSaBBKhMtbfgb3LPVBJ_9xov7i80LL0pQwBdTzz3VD8FmJV91jq1ukyxrNYIr8QPt7EFjZxSk3_W8l21fPY8iue9-5Bqwz7lQy8dOp0rWaQCQ1uWj1CpCFNYt5FF-IMPkCwTWdwnmcSUjA65NYYBGjYQzfqKk3Cq53iA_ThayFVP9RxQPwgEuB9NfU1JcHTWJwwkDEMzhUWj27Ly3OccP_aKer_fOX3QOaCo1wA5MHwa-hqLMddLBATkkVjymHpHpv6tvObLRS9RRG2azboYJ0qNchTJhOn3jj2MDqC0chjpApWIkknjZOy2_7rzDFsn8DokyUHj4HFHrJLe6f5bXUjsDN4ZL7BFBZ6vfqBYKFJ9IHK6wr9rmULgl1bH9HWtO0BiN7a1KUmDXo5RYslw6L8O37iRsDxXWZTjugMqwxXjQf3svryi-I1PjJ7NKWWRLl8Xafw7jiWb_wNOHZr9mfyLs-3OICYv5gpx790KqZV6SN7XQkjYHYz-dN9b8q-nAZPTdHTEMVs9rF6RoqrFlS84QtcTc=&xkcb=SoA--_M3Z2WmxT2Nqh0IbzkdCdPP&p=3&fvj=0&vjs=3
184,"Python Engineer (Django, Flask)",Vectorworks Inc.,Not Disclosed,4.0,No,https://www.indeed.com/pagead/clk?mo=r&ad=-6NYlbfkN0A3LmKGJrRdG8-GibsnagGmC1U8qn1FiBTMFAUobQ0wT5jp_zrKkiXhLff4RZyiONexCQqbZD9GVOptiCXJeafxHJXdZAD88phCyuAXUOQFqKHlQhVs7-UT9BRZxyStSrkVsOex1QlEppLJQhAKQl6JpO9Nc9qd_mhtwVMkmsFh9OjkhP6svdWVuZCVAs1UqUQ3OSs4684ChiS8mASEciPnr7gldlbWh7uw1tP4i1QTDa3eUd6wl8HvVMHQxANK9OPAYlgE_rTXRmKOSCXsK_Mx8eOnG1KLtO85Urpxy7LfP6F3CXZ8SuTN4rxbENvgSCIHO-EDJGw6SoBuFaP2LqSkmEhAV28odlgpC6mo49I13cKpCfTA8jMHWi5pgAIF222C4jZVDmicbentJCOpfF_V7e5Xk9m3GH8ac9F2drgodqRfsBuPsSjQ9qnLqLe32k0mRAPlKztbKjvgVM4fd34Ro03fBB7sJYeqrmpcNrex2lHnoEJUs1UdRdCZJ1yRAsuSHVJjf5w4cJQwzCEOxuTOHC2mXkW0ZjbcSQd7AMkYZQoDjAf0vTmIpU5pWMdRFoP-UOWLuAfq4aFdLy7nzLJKppuBDHYgOtQMnS8t0VVlxQNfL_762vHMDerPQsL1hzh-RBujuxVghrJdgAANORyCDAmsAdjychjuHHpFA8ro2wpZSO7kbhypJ2H0dT_axzQmSXjkKsT7K2eb5GQtHWK-kZZ4DFmEfINQbENXmSR0BzO_f4EpTZJsauXVNPCBVeL70ElScXZ9N9_Z2aV8lTmAlVhz_-_pDThm0qTtLaHBtN24nfmvu0dtejSvClEymETBuHPoYWlEev2NGyFXm8xF&xkcb=SoAt-_M3Z2WmxSWNqh0LbzkdCdPP&p=4&fvj=0&vjs=3
185,Data Delivery QA Engineer (SQL/Python),HealthVerity,Not Disclosed,5.0,Yes,https://www.indeed.com/pagead/clk?mo=r&ad=-6NYlbfkN0BGgNw-LcKca5GoVpsUJS2kqWi7J3r3cKCX12kH4ogmVH928Ve4GknKtJG34N9Vs153_55oLTlpO0GE1yTIWJxuTTNVkm2Kb101Comi-6mVtCR7Vqrxwzjpw_WDv19sDxjNCOx_3DoSAxjfIz4ZvP3TQje1d1c88oNT4Xe70AKQQ9iQWVeYedXkU2ehTxRqHoeubF-c27YzRioEZNe0guoJP6oNfS0ga4rBgOb_vy3GV9IphctrHA48qmRifg3IZ6bLY1rSnfDyf9Rv2YbC19zhACoAS-ATL8wemcD4ukxtLqxHcJBUX1z3n1ZdzL_6Dgih0sXEuPjllJAvmjV2xlzpgDHBBajSEUaKHgbVw49jwObDu4dcSl3guC1Hn_p29yv6SRw-zz2mqmCVFQd_Bg73fj36M6z_0F8L_FnRQcj7bfjYk6Bk92DZHfpHwaKOpI5qbjU3OCrc8PU3AYcXAahCU6VI1_nUr_H8Y2V2Hu5hoIENYsKtx27iPmnodcE3idgz0BfUnxm2_72UHAmrnnL2B5Mj-gWwXjXTWWlCqarZN9yjShyoN7wsCoYuMKuePsmC4vPkmhakhZnA1NwY56fet1FlUCTueiMcTOyUBymSHjhhsgmzu9jSTzK83-6VqeM_1Wv_GxIN9w==&xkcb=SoCZ-_M3Z2WmxSWNqh0KbzkdCdPP&p=5&fvj=0&vjs=3
186,Consultant - Innovative Designs,"Cytel, Inc (USA)",Not Disclosed,4.0,Yes,https://www.indeed.com/pagead/clk?mo=r&ad=-6NYlbfkN0BIqH6lPZzX9zcmJzVIoLL883ZvhxoMCljWU_s4tgRnL4qAX7fth69EqZ5hiksZYW1PoVkA-yhWuF_ruVarmF2Ut0CeGlM9T9S-6E4eWRvI7nO45DzTtOldj9r4HG9ja2uEndiivMKVMCrOotb52lYqSdDceHzx2a4v5h7xb5vadQZqzJ069JpQwI8-HbYDbToZ5fOYIA9MmlL9Tp9MuybX7tlQivN2l1ddQDKjQ9vs_WU4KPEU4RebSof1O86AadxGUe_us-ouDLPY_l4Go2ETDq9sTGqOqHpsCTT4GRWarrqELF8AyaMx0mSyAgIXv4DZ1MG_e0jL0QimKKkUWmLmBLIZtrPUF9QiYByIcgR1wi5RLxyyTyAp9hDzkE7143lmWhJQVwVClCU_754BMT1rPv0CuMxG2V4tVxXafANtHwDoiocDhDtzcB_i0RMqMz7VYA-E5Z2-kg0e_iRR2W4t0e3LoU4qdfsq-gvdGEkWdppz-oG3rWMsLhrMXBEv4tskluW0y8WEuV8x6sr4IXG3aU7Y4PIJmZ4osZQVVmCR626qcYxjla36u1RnQ1cGv6DD_IBew2xAN335Yx-86BGZ1_rKMOaHrnikPPwDemY5n3q698x3AXs68BJU461qssfraYlGDxoIcf4XHQj3rUiyjmJr4DCSs-TYx1SHPoxuyA==&xkcb=SoAE-_M3Z2WmxSWNqh0JbzkdCdPP&p=6&fvj=0&vjs=3
187,Billing Data Analyst I,Indeed,"$58,000 - $84,000 a year",4.3,No,https://www.indeed.com/pagead/clk?mo=r&ad=-6NYlbfkN0CiRNM7CVr8YueLFKlzwbFWI0o7IjV438l4sVrvKZ0flpURU_mqoI8E88RAJZx1_nRJI9Faq8CcXOWI30X5qduI0NCcIQqtamLqxnEzvOiIcDdHZ2Yzp2id7KUH37YyHf0JE8q1cRwU4phnF70qvsYOzfc0eukt9f-7_bg9OnDDPoUczCN4Y78GXLwPZXCM2v8bO3Be5MBwVZCFh_YDzR0swhvQUG2dmCgWQVwtEjz5Ev6_K5XEdKpgyCYp6xSDU_TAPTmq69nKNoznTlnOsPDeL38N-awRyfHmp4_FUN8CTankMSpXXdHvfKrGlO0u9ze4tuWFKJAjJrvngWqWmBY9pRwGBzk4YPqhC28UCfnWq_SNRcTOoTo9COQtp5ADo_jez4AVpdM_xSvx5c-bPrRRMdAZ5PILmcSmTyC5FZrHVBdRu1ka-WTXBC4ziMwkkRxoLCr8T_-IZYSsW7Y6AmQ5tKSflA0jiJ4Hi1U-lx7E8cEN3D5oaS3U5hOBVsn-iGKfGfAbWGrb__FKThejcCvOYea0f_F-VHGpDQGiLNtdEB6hLyZSFBKr&xkcb=SoCw-_M3Z2WmxSWNqh0IbzkdCdPP&p=7&fvj=0&vjs=3
188,Fullstack Software Engineer II,Indeed,"$109,000 - $159,000 a year",4.3,Yes,https://www.indeed.com/pagead/clk?mo=r&ad=-6NYlbfkN0CiRNM7CVr8YueLFKlzwbFWI0o7IjV438l4sVrvKZ0flpURU_mqoI8E88RAJZx1_nR3sxdniWwKOhxWVJRgbjbYTFk1kvcYLfoEXftaiDq1MbbRSj1ZmQtmFPD43XE97axcqt7oIMwZLTYKhpj8cixPqvx6-pMFpr3oEJCPcmTW7Qvf_Amm7R2NlY99UxEScFLTXs5ec-OLtiGnLLSDVs62EDPDko1ZZfTgi7v2bSchrtoMLUPrMEUyfK5NTzZigfXk5cP3hWJoiI4ql5o2_Pcko-IH9aG0-5BZlQdnlJoMTHFE-SzAIf1K1mj07l1m88nCzyBT59gERIeTNCLTsm5OFG0nvitCi8TvBE2uF_ldoNo51NYmNGjoWDj-QgO56nmhqaaw6EmmSyVT0oCbkLilPetODZACP-na5y6bRlLNhR-GOTxYHCCdPARS16KC0HWjc2-NTG-FKna8tSX2fLDgdMnefSWCVV5B-RqBsr5NB_iJS-iV2gldiBb5EzTukFJjJHpE_6PZ2YHiEuVNYHKtYcrEmu5_V_4=&xkcb=SoA--_M3Z2WmxSWNqh0PbzkdCdPP&p=8&fvj=0&vjs=3
